Date,Month,Day,CasesTotal,DeathsTotal,HospitalizationsTotal,CasesAge 017,CasesAge 1829,CasesAge 3039,CasesAge 4049,CasesAge 5059,CasesAge 6069,CasesAge 7079,CasesAge 80plus,CasesAge Unknown,Cases Female,Cases Male,Cases Unknown Gender,CasesLatinx,CasesAsianNonLatinx,CasesBlackNonLatinx,CasesWhiteNonLatinx,CasesOtherRaceNonLatinx,CasesUnknownRaceEthnicity,Deaths - Age 0-17,Deaths - Age 18-29,Deaths - Age 30-39,Deaths - Age 40-49,Deaths - Age 50-59,Deaths - Age 60-69,Deaths - Age 70-79,Deaths - Age 80+,Deaths - Age Unknown,Deaths - Female,Deaths - Male,Deaths - Unknown Gender,DeathsLatinx,DeathsAsianNonLatinx,DeathsBlackNonLatinx,DeathsWhiteNonLatinx,DeathsOtherRaceNonLatinx,DeathsUnknownRaceEthnicity,Hospitalizations - Age 0-17,Hospitalizations - Age 18-29,Hospitalizations - Age 30-39,Hospitalizations - Age 40-49,Hospitalizations - Age 50-59,Hospitalizations - Age 60-69,Hospitalizations - Age 70-79,Hospitalizations - Age 80+,Hospitalizations - Age Unknown,Hospitalizations - Female,Hospitalizations - Male,Hospitalizations - Unknown Gender,HospitalizationsLatinx,HospitalizationsAsianNonLatinx,HospitalizationsBlackNonLatinx,HospitalizationsWhiteNonLatinx,HospitalizationsOtherRaceNonLatinx,HospitalizationsUnknownRaceEthnicity
05/18/2020,5,18,947,33,85,67,236,152,190,149,83,46,23,1,496,439,12,428,10,146,70,37,256,0,0,2,2,2,5,10,12,0,13,20,0,10,1,13,9,0,0,1,11,8,10,16,10,14,15,0,42,43,0,32,0,35,13,4,1
03/01/2020,3,1,0,0,2,0,0,0,0,0,0,0,0,0,0,0,0,0,0,0,0,0,0,0,0,0,0,0,0,0,0,0,0,0,0,0,0,0,0,0,0,0,0,1,0,0,0,1,0,0,1,1,0,0,0,0,2,0,0
03/02/2020,3,2,0,0,2,0,0,0,0,0,0,0,0,0,0,0,0,0,0,0,0,0,0,0,0,0,0,0,0,0,0,0,0,0,0,0,0,0,0,0,0,0,1,1,0,0,0,0,0,0,2,0,0,1,0,1,0,0,0
03/03/2020,3,3,0,0,3,0,0,0,0,0,0,0,0,0,0,0,0,0,0,0,0,0,0,0,0,0,0,0,0,0,0,0,0,0,0,0,0,0,0,0,0,0,0,1,2,0,0,0,0,0,1,2,0,0,0,3,0,0,0
03/04/2020,3,4,0,0,4,0,0,0,0,0,0,0,0,0,0,0,0,0,0,0,0,0,0,0,0,0,0,0,0,0,0,0,0,0,0,0,0,0,0,0,0,0,0,0,0,2,0,2,0,0,1,3,0,0,0,3,1,0,0
03/05/2020,3,5,1,0,6,0,0,0,0,1,0,0,0,0,1,0,0,0,0,1,0,0,0,0,0,0,0,0,0,0,0,0,0,0,0,0,0,0,0,0,0,0,0,1,1,1,2,1,0,0,2,4,0,0,0,2,4,0,0
04/06/2020,4,6,584,22,202,5,78,97,102,111,94,56,41,0,301,273,10,137,20,233,97,26,71,0,0,0,2,5,1,8,6,0,9,13,0,3,0,16,3,0,0,0,6,22,16,42,59,30,27,0,109,91,2,45,10,113,21,10,3
09/23/2020,9,23,363,3,,46,112,82,51,36,26,5,5,0,170,182,11,134,4,37,60,19,109,0,0,0,0,0,0,2,1,0,0,3,0,0,0,2,1,0,0,,,,,,,,,,,,,,,,,,
03/08/2020,3,8,3,0,9,0,0,1,1,0,0,1,0,0,1,2,0,1,0,0,2,0,0,0,0,0,0,0,0,0,0,0,0,0,0,0,0,0,0,0,0,0,0,1,0,2,1,3,2,0,3,6,0,2,0,5,2,0,0
07/12/2020,7,12,97,4,13,7,32,15,19,11,4,7,2,0,53,44,0,26,4,26,19,4,18,0,0,0,0,0,2,0,2,0,2,2,0,0,0,1,3,0,0,1,2,0,1,2,2,5,0,0,4,9,0,2,2,7,2,0,0
03/10/2020,3,10,11,0,8,1,2,3,2,0,0,2,1,0,8,3,0,0,1,1,7,2,0,0,0,0,0,0,0,0,0,0,0,0,0,0,0,0,0,0,0,0,1,0,0,0,4,2,1,0,4,4,0,0,0,5,1,2,0
05/20/2020,5,20,772,29,70,58,209,131,138,107,74,36,18,1,404,359,9,356,4,143,59,26,184,0,1,1,1,6,10,4,6,0,7,22,0,15,3,7,4,0,0,3,7,4,7,7,15,15,12,0,37,33,0,25,1,34,6,1,3
07/20/2020,7,20,390,5,17,53,92,90,55,46,36,14,4,0,196,190,4,160,9,85,69,17,50,0,0,1,1,0,2,1,0,0,2,3,0,3,0,1,1,0,0,1,1,3,2,2,4,3,1,0,12,5,0,6,0,10,0,0,1
05/19/2020,5,19,896,27,73,78,214,173,148,131,85,39,28,0,453,437,6,421,13,140,72,42,208,0,1,1,3,6,5,6,5,0,8,19,0,11,1,11,3,0,1,5,3,10,12,13,14,8,8,0,39,34,0,30,1,28,10,3,1
07/10/2020,7,10,344,6,24,35,121,74,50,24,17,18,5,0,167,175,2,102,6,97,65,11,63,0,0,0,0,2,1,2,1,0,1,5,0,3,0,2,1,0,0,0,3,3,0,4,1,9,4,0,12,12,0,4,0,15,5,0,0
08/13/2020,8,13,394,4,19,39,118,80,74,40,24,11,8,0,212,178,4,181,7,72,88,15,31,0,0,0,0,1,0,3,0,0,1,3,0,2,0,1,1,0,0,0,3,1,5,0,3,6,1,0,11,8,0,6,0,10,1,1,1
08/16/2020,8,16,123,2,12,10,40,29,9,16,10,7,1,1,58,63,2,27,6,19,41,9,21,0,0,0,0,1,0,1,0,0,1,1,0,0,0,1,1,0,0,0,4,0,1,1,5,0,1,0,7,4,1,6,1,4,0,0,1
04/12/2020,4,12,341,33,137,28,32,56,54,60,46,34,31,0,142,182,17,91,7,116,56,21,50,0,0,1,2,3,11,6,10,0,16,17,0,4,1,20,8,0,0,0,3,7,16,31,29,30,21,0,55,81,1,33,4,68,25,7,0
06/18/2020,6,18,184,14,27,24,43,34,30,29,9,5,10,0,94,86,4,81,3,31,26,3,40,0,0,1,1,0,5,4,3,0,7,7,0,6,0,7,1,0,0,1,2,6,3,1,3,5,6,0,16,11,0,11,0,8,8,0,0
09/21/2020,9,21,414,2,17,51,120,81,57,45,34,19,7,0,210,200,4,193,4,40,64,17,96,0,0,0,0,0,0,1,1,0,1,1,0,0,1,0,1,0,0,0,3,2,1,4,4,3,0,0,11,6,0,9,0,8,0,0,0
09/13/2020,9,13,120,3,17,13,35,30,18,12,9,3,0,0,61,59,0,35,3,13,35,5,29,0,0,0,0,0,0,1,2,0,2,1,0,1,0,2,0,0,0,2,3,2,0,4,3,2,1,0,10,7,0,9,1,3,4,0,0
04/13/2020,4,13,692,33,154,10,99,115,127,161,89,53,38,0,352,336,4,237,25,211,94,31,94,0,0,1,5,3,8,7,9,0,15,18,0,11,2,17,3,0,0,1,5,11,11,41,29,28,28,0,67,87,0,37,6,69,27,12,3
08/29/2020,6,29,225,4,13,24,70,35,40,24,20,12,0,0,122,103,0,98,5,24,55,6,37,0,0,0,0,1,1,1,1,0,2,2,0,1,1,0,2,0,0,2,1,2,2,1,3,2,0,0,5,8,0,5,0,4,3,0,1
05/17/2020,5,17,326,41,70,17,54,57,37,65,44,22,30,0,155,168,3,138,6,71,30,13,68,0,0,1,1,3,14,9,13,0,16,25,0,18,2,13,7,1,0,0,2,5,5,14,22,12,10,0,32,38,0,25,3,23,12,3,4
07/07/2020,7,7,344,4,22,36,107,69,54,46,19,8,5,0,185,158,1,98,12,91,69,12,62,0,0,0,0,0,3,0,1,0,3,1,0,3,0,1,0,0,0,0,2,3,2,5,3,5,2,0,8,14,0,4,2,11,4,1,0
03/23/2020,3,23,292,3,106,4,46,56,54,56,30,35,11,0,141,151,0,38,13,134,74,11,22,1,1,0,0,0,0,1,0,0,0,3,0,0,0,3,0,0,0,1,5,15,13,18,18,26,10,0,51,54,1,16,5,67,12,5,1
03/11/2020,3,11,12,0,9,0,3,1,3,3,2,0,0,0,3,9,0,2,0,5,5,0,0,0,0,0,0,0,0,0,0,0,0,0,0,0,0,0,0,0,0,0,0,1,3,3,2,0,0,0,4,5,0,2,0,5,2,0,0
03/09/2020,3,9,5,0,3,3,0,0,0,0,0,1,1,0,3,2,0,2,1,1,1,0,0,0,0,0,0,0,0,0,0,0,0,0,0,0,0,0,0,0,0,0,0,1,1,0,0,1,0,0,1,2,0,1,0,0,1,1,0
07/16/2020,7,16,297,2,22,27,88,67,42,31,22,10,10,0,156,140,1,93,3,78,58,12,53,0,0,0,0,0,0,1,1,0,0,2,0,0,1,0,1,0,0,0,7,2,4,3,2,2,2,0,11,11,0,7,1,9,5,0,0
08/22/2020,6,22,183,1,13,18,54,30,28,24,16,11,2,0,91,90,2,66,4,28,48,12,25,0,0,0,0,0,1,0,0,0,0,1,0,1,0,0,0,0,0,1,1,1,1,2,1,6,0,0,9,4,0,1,0,9,3,0,0
06/19/2020,6,19,219,15,32,28,69,38,28,24,16,10,6,0,111,103,5,87,2,48,28,7,47,0,0,0,1,3,3,2,6,0,7,8,0,3,1,5,6,0,0,3,3,2,4,5,7,4,4,0,16,16,0,9,0,16,5,0,2
07/03/2020,7,3,175,5,21,14,52,37,26,17,16,9,4,0,107,67,1,43,1,44,32,10,45,0,0,0,0,0,2,1,2,0,3,2,0,1,0,4,0,0,0,4,0,1,4,3,4,3,2,0,9,12,0,2,0,13,4,1,1
09/10/2020,9,10,323,2,12,23,118,67,45,37,24,5,4,0,183,138,2,127,8,38,94,4,52,0,0,0,0,0,1,0,1,0,1,1,0,1,0,0,1,0,0,0,3,1,1,2,4,1,0,0,10,2,0,6,0,5,1,0,0
09/24/2020,24,24,371,3,,45,106,80,60,39,27,10,4,0,185,184,2,146,6,33,72,5,109,0,0,0,0,1,1,0,1,0,2,1,0,1,0,0,1,0,1,,,,,,,,,,,,,,,,,,
08/03/2020,8,3,421,3,24,55,121,87,66,47,24,14,7,0,216,203,2,214,10,67,69,16,45,0,0,0,0,0,1,1,1,0,2,1,0,1,0,1,1,0,0,1,1,1,3,7,2,6,3,0,7,17,0,10,1,8,3,2,0
05/24/2020,5,24,280,27,69,16,56,42,48,33,47,22,16,0,150,130,0,117,2,49,17,12,83,0,0,0,4,2,6,8,7,0,14,13,0,9,0,12,6,0,0,0,6,5,3,13,22,10,10,0,39,30,0,23,1,30,8,4,3
06/23/2020,6,23,233,8,20,12,72,43,37,27,16,17,9,0,117,115,1,95,7,42,47,4,38,0,0,0,0,0,3,2,3,0,3,5,0,3,0,4,1,0,0,0,2,1,4,4,3,3,3,0,11,9,0,7,0,7,4,2,0
03/17/2020,3,17,96,1,28,0,15,21,18,17,19,2,4,0,37,58,1,7,3,38,40,3,5,0,0,0,0,1,0,0,0,0,0,1,0,0,0,1,0,0,0,0,3,1,2,7,8,3,4,0,8,20,0,3,0,20,5,0,0
09/02/2020,9,2,403,3,12,41,124,82,66,46,26,12,6,0,223,180,0,161,7,59,86,14,76,0,0,0,0,1,1,0,1,0,1,2,0,1,0,1,1,0,0,0,1,4,2,2,3,0,0,0,4,8,0,7,0,2,3,0,0
09/19/2020,9,19,165,2,12,11,47,38,23,24,15,3,4,0,86,77,2,54,2,17,31,11,50,0,0,0,0,0,0,0,2,0,1,1,0,0,0,1,1,0,0,1,1,1,0,2,3,1,3,0,9,2,1,6,0,5,1,0,0
06/26/2020,6,26,218,13,23,18,61,49,29,25,17,11,8,0,121,96,1,68,4,41,41,5,59,0,0,1,2,0,0,4,6,0,6,7,0,1,0,5,7,0,0,2,0,1,2,4,6,3,5,0,9,14,0,6,2,11,2,2,0
08/28/2020,8,28,377,4,15,63,107,60,50,48,29,15,5,0,176,200,1,164,7,66,67,15,58,0,0,1,0,1,0,2,0,0,4,0,0,2,0,2,0,0,0,1,1,1,3,1,2,3,3,0,8,7,0,3,0,10,1,1,0
08/26/2020,8,26,386,2,23,48,126,81,42,45,23,12,9,0,195,189,2,190,5,44,85,18,44,0,0,0,0,0,0,1,1,0,0,2,0,0,0,1,1,0,0,1,4,2,1,4,3,4,4,0,13,10,0,10,1,6,3,2,1
09/25/2020,9,25,130,2,,8,38,27,20,19,10,7,1,0,72,58,0,32,7,20,25,8,38,0,0,0,0,1,0,0,1,0,1,1,0,0,0,2,0,0,0,,,,,,,,,,,,,,,,,,
09/15/2020,9,15,349,1,13,54,95,68,48,41,26,14,3,0,185,163,1,154,4,44,79,11,57,0,0,0,0,0,1,0,0,0,1,0,0,0,0,1,0,0,0,0,2,0,3,1,3,3,1,0,6,7,0,7,1,3,2,0,0
05/13/2020,5,13,875,45,95,56,188,166,163,134,96,40,32,0,449,419,7,419,14,122,69,27,224,0,0,2,3,4,13,10,13,0,17,28,0,18,5,14,6,1,1,2,4,6,10,18,26,18,11,0,52,43,0,39,2,41,9,2,2
06/20/2020,6,20,124,10,16,18,32,17,21,19,5,9,3,0,64,60,0,69,1,15,18,4,17,0,0,1,0,2,2,1,4,0,3,7,0,8,0,1,1,0,0,3,3,2,1,2,2,0,3,0,9,7,0,10,0,4,2,0,0
04/30/2020,4,30,1277,40,167,57,231,223,227,187,150,98,104,0,622,625,30,537,23,212,147,48,310,0,0,3,0,4,8,11,14,0,17,23,0,13,1,18,8,0,0,1,11,16,13,33,38,25,30,0,74,91,2,59,8,55,30,11,4
04/18/2020,4,18,535,39,163,12,89,101,96,90,81,44,22,0,244,286,5,179,17,161,60,21,97,0,0,0,3,4,8,12,12,0,20,19,0,12,5,20,2,0,0,1,7,17,19,36,39,27,17,0,61,102,0,53,4,74,22,8,2
07/25/2020,7,25,160,8,16,29,36,34,25,16,8,9,3,0,82,78,0,58,7,35,32,9,19,0,0,0,1,1,3,1,2,0,4,4,0,2,0,3,3,0,0,0,0,3,3,1,4,3,2,0,9,7,0,2,0,9,4,1,0
08/04/2020,8,4,367,2,27,48,105,68,56,38,31,17,4,0,199,164,4,170,10,69,60,15,43,0,0,0,0,0,1,0,1,0,1,1,0,0,0,2,0,0,0,0,4,2,4,2,7,6,2,0,15,12,0,7,3,13,4,0,0
04/26/2020,4,26,434,51,127,13,84,54,96,66,57,32,32,0,229,202,3,150,17,90,60,22,95,0,1,0,4,3,13,11,19,0,22,29,0,18,2,23,8,0,0,0,12,5,22,21,28,19,20,0,56,71,0,54,3,34,25,10,1
08/23/2020,8,23,113,1,19,9,35,13,20,15,11,8,2,0,59,54,0,37,1,23,35,5,12,0,1,0,0,0,0,0,0,0,1,0,0,0,0,1,0,0,0,0,4,2,4,2,3,3,1,0,6,13,0,7,0,6,4,1,1
05/14/2020,5,14,776,45,99,49,168,152,132,107,95,43,30,0,396,368,12,328,13,161,71,34,169,1,0,4,1,5,5,7,22,0,22,23,0,13,4,21,6,1,0,2,5,5,13,9,34,19,12,0,43,56,0,37,1,39,15,4,3
08/05/2020,8,5,378,4,13,45,115,82,53,33,32,14,4,0,186,190,2,170,3,84,71,12,38,0,0,0,1,0,2,1,0,0,0,4,0,3,0,1,0,0,0,0,0,0,1,4,1,3,4,0,7,6,0,2,0,8,3,0,0
09/22/2020,9,22,326,1,15,39,98,65,47,33,21,12,11,0,159,161,6,138,7,41,53,9,78,0,0,0,0,1,0,0,0,0,1,0,0,1,0,0,0,0,0,0,3,2,0,2,3,3,2,0,6,9,0,6,0,6,1,2,0
09/01/2020,9,1,330,3,11,33,97,71,38,45,32,8,6,0,178,152,0,127,4,54,77,7,61,0,0,0,0,0,2,1,0,0,2,1,0,2,0,0,1,0,0,0,1,1,4,1,1,1,2,0,4,7,0,3,0,5,2,1,0
08/11/2020,8,11,384,4,15,47,102,73,67,48,37,7,3,0,182,200,2,160,4,74,77,16,53,0,0,0,0,1,0,1,2,0,1,3,0,1,1,2,0,0,0,0,0,2,0,3,6,1,3,0,10,5,0,2,0,7,6,0,0
09/27/2020,9,27,1,0,,0,0,0,0,0,0,0,1,0,1,0,0,0,0,1,0,0,0,0,0,0,0,0,0,0,0,0,0,0,0,0,0,0,0,0,0,,,,,,,,,,,,,,,,,,
05/12/2020,5,12,943,46,104,64,178,177,182,162,92,50,38,0,493,445,5,440,10,169,100,21,203,0,0,4,2,4,10,7,19,0,12,34,0,21,2,19,4,0,0,1,7,16,10,22,20,14,14,0,48,56,0,46,2,38,16,1,1
06/24/2020,6,24,244,9,23,22,76,56,29,34,11,8,8,0,142,101,1,81,5,51,40,8,59,0,0,0,0,3,4,1,1,0,5,4,0,6,1,2,0,0,0,0,7,3,1,3,2,6,1,0,16,7,0,6,0,13,4,0,0
07/28/2020,7,28,336,3,10,38,86,76,68,33,19,9,7,0,187,145,4,154,11,74,45,10,42,0,0,0,1,0,0,1,1,0,1,2,0,0,0,2,1,0,0,1,2,4,1,0,0,1,1,0,8,2,0,4,0,5,1,0,0
08/14/2020,8,14,346,3,20,56,84,64,59,40,26,10,7,0,179,161,6,133,5,67,80,14,47,0,0,0,0,0,1,1,1,0,1,2,0,1,0,2,0,0,0,0,1,2,2,2,4,5,4,0,11,9,0,3,0,14,3,0,0
05/21/2020,5,21,805,34,79,75,177,137,120,123,79,51,43,0,417,370,18,367,24,132,54,29,199,0,0,1,0,3,13,11,6,0,14,20,0,17,1,6,10,0,0,1,5,10,12,11,19,13,8,0,38,41,0,31,8,31,5,3,1
09/09/2020,9,9,403,5,15,41,133,77,53,46,37,11,5,0,219,184,0,198,10,56,78,8,53,0,0,0,0,1,1,2,1,0,4,1,0,5,0,0,0,0,0,0,1,0,5,3,1,4,1,0,7,8,0,6,0,4,2,2,1
09/17/2020,9,17,384,0,17,38,119,88,51,40,29,10,9,0,185,197,2,126,12,44,106,10,86,0,0,0,0,0,0,0,0,0,0,0,0,0,0,0,0,0,0,2,1,2,3,5,3,1,0,0,7,10,0,5,0,3,8,1,0
09/18/2020,9,18,334,3,11,39,93,68,40,44,32,9,9,0,154,178,2,128,8,42,50,16,90,0,0,0,0,0,0,1,2,0,1,2,0,0,0,1,2,0,0,0,0,0,0,2,1,3,5,0,8,2,1,1,0,5,3,1,1
09/20/2020,9,20,103,6,12,13,27,26,14,9,5,7,2,0,51,51,1,25,2,13,16,2,45,0,0,0,0,0,3,1,2,0,3,3,0,3,0,1,2,0,0,0,1,2,1,3,2,2,1,0,4,8,0,2,0,5,4,1,0
09/03/2020,9,3,333,3,16,37,99,59,49,49,22,13,5,0,176,155,2,136,5,53,82,6,51,0,0,0,0,1,0,0,2,0,1,2,0,3,0,0,0,0,0,0,4,2,0,4,3,2,1,0,8,8,0,7,0,5,2,1,1
09/16/2020,9,16,364,4,25,49,118,77,47,34,25,11,3,0,204,158,2,167,5,54,79,5,54,0,0,0,0,0,2,1,1,0,3,1,0,1,0,1,2,0,0,1,3,2,3,0,10,5,1,0,18,6,1,8,0,6,7,1,3
09/04/2020,9,4,382,2,16,58,99,80,50,37,32,16,10,0,201,179,2,179,10,68,75,8,42,0,0,0,0,0,0,1,1,0,1,1,0,0,0,1,1,0,0,0,3,1,2,2,2,3,3,0,11,5,0,8,0,7,1,0,0
09/26/2020,9,26,32,0,,1,10,10,5,4,2,0,0,0,16,16,0,7,1,2,15,4,3,0,0,0,0,0,0,0,0,0,0,0,0,0,0,0,0,0,0,,,,,,,,,,,,,,,,,,
07/15/2020,7,15,267,7,19,30,83,51,33,34,18,12,6,0,149,118,0,97,4,83,40,11,32,0,0,0,0,2,2,1,2,0,3,4,0,1,0,6,0,0,0,0,5,2,1,2,3,4,2,0,11,8,0,6,0,8,4,1,0
,,,142,0,375,4,32,27,25,25,14,10,4,1,69,67,6,24,7,38,12,6,55,0,0,0,0,0,0,0,0,0,0,0,0,0,0,0,0,0,0,16,48,54,63,57,55,47,35,0,176,192,7,126,14,137,64,19,15
06/13/2020,6,13,121,18,17,13,26,19,14,22,14,7,6,0,66,55,0,47,0,22,16,8,28,0,0,0,0,3,5,5,5,0,11,7,0,3,1,6,8,0,0,0,2,0,4,2,3,1,5,0,9,8,0,6,0,7,4,0,0
06/08/2020,6,8,273,15,31,21,63,48,49,40,24,15,13,0,136,131,6,136,3,43,28,9,54,0,0,1,1,2,2,3,6,0,6,9,0,5,1,5,3,1,0,1,5,1,4,7,4,3,6,0,17,14,0,9,2,12,6,2,0
04/21/2020,4,21,872,36,167,20,150,164,158,151,109,56,64,0,436,428,8,357,13,207,117,38,140,0,1,0,3,0,7,11,14,0,14,22,0,12,2,18,4,0,0,1,5,10,16,33,35,33,34,0,70,96,1,56,4,70,25,10,2
07/11/2020,7,11,155,2,17,9,69,22,22,13,12,8,0,0,79,76,0,33,3,43,34,13,29,0,1,0,0,0,0,1,0,0,0,2,0,0,0,2,0,0,0,0,5,1,1,1,4,4,1,0,8,9,0,4,0,12,1,0,0
06/21/2020,6,21,47,11,13,4,16,11,3,7,2,3,1,0,28,19,0,16,1,10,6,2,12,0,0,1,0,1,3,3,3,0,6,5,0,4,0,3,4,0,0,1,2,0,1,2,3,3,1,0,8,5,0,6,0,4,2,1,0
09/14/2020,9,14,425,3,16,63,104,92,65,57,27,9,8,0,221,202,2,187,9,61,83,7,78,0,0,0,0,1,0,1,1,0,1,2,0,3,0,0,0,0,0,1,4,0,1,2,4,2,2,0,7,9,0,8,0,5,3,0,0
03/07/2020,3,7,3,0,3,0,0,0,0,1,0,2,0,0,3,0,0,0,0,2,1,0,0,0,0,0,0,0,0,0,0,0,0,0,0,0,0,0,0,0,0,0,0,0,2,0,0,0,1,0,1,2,0,0,0,1,1,1,0
05/01/2020,5,1,1171,39,137,58,224,221,204,193,133,70,68,0,616,524,31,534,26,192,109,48,262,0,1,0,1,4,12,8,13,0,14,25,0,12,1,15,10,0,1,0,15,11,16,21,24,31,19,0,75,62,0,49,3,57,21,3,4
07/02/2020,7,2,254,6,19,25,80,43,39,28,21,10,8,0,144,110,0,78,5,61,50,6,54,0,0,0,0,1,1,1,3,0,3,3,0,3,0,2,1,0,0,0,5,2,3,1,3,1,4,0,9,10,0,6,0,6,5,1,1
05/03/2020,5,3,465,45,138,10,97,77,76,81,66,31,27,0,210,246,9,197,8,115,41,20,84,0,0,0,2,4,13,13,13,0,20,25,0,20,0,16,9,0,0,2,10,17,17,27,21,23,21,0,61,77,0,58,1,41,20,14,4
06/30/2020,6,30,266,3,23,25,92,59,39,24,16,5,6,0,136,129,1,107,3,53,48,3,52,0,0,0,0,0,1,2,0,0,2,1,0,1,0,1,1,0,0,1,4,2,3,3,6,2,2,0,11,12,0,8,0,11,4,0,0
08/08/2020,8,8,177,3,11,22,56,27,32,18,14,3,5,0,94,81,2,66,6,39,34,8,24,0,0,0,1,1,0,1,0,0,0,3,0,2,0,1,0,0,0,0,0,0,2,2,3,1,3,0,4,7,0,5,1,5,0,0,0
07/01/2020,7,1,262,13,17,16,96,51,31,27,25,6,10,0,153,108,1,92,1,64,55,4,46,0,0,0,3,2,2,2,4,0,5,8,0,6,0,4,3,0,0,0,0,0,1,5,4,3,4,0,8,9,0,5,1,8,3,0,0
07/09/2020,7,9,288,8,27,27,95,58,40,34,22,7,5,0,136,151,1,85,4,87,60,9,43,0,0,0,0,1,2,5,0,0,4,4,0,3,0,3,2,0,0,0,4,3,1,10,5,2,2,0,12,15,0,7,2,14,4,0,0
05/27/2020,5,27,611,26,49,70,124,100,116,82,65,32,22,0,316,284,11,302,8,105,50,21,125,0,0,2,1,1,7,7,8,0,10,16,0,10,1,10,5,0,0,0,4,5,10,6,8,8,8,0,22,27,0,18,1,14,14,1,1
07/21/2020,7,21,287,1,26,25,82,57,55,29,22,8,9,0,140,147,0,91,3,88,52,17,36,0,0,0,0,0,1,0,0,0,1,0,0,1,0,0,0,0,0,0,3,5,6,0,5,3,4,0,13,13,0,6,1,12,5,0,2
04/17/2020,4,17,775,43,147,16,130,125,143,143,118,49,51,0,384,379,12,283,23,206,114,43,106,0,0,1,2,5,7,13,15,0,14,29,0,11,2,19,11,0,0,3,6,12,18,33,30,26,19,0,66,81,0,50,7,57,17,11,5
04/22/2020,4,22,1057,45,149,33,171,169,168,207,150,65,94,0,519,480,58,426,22,228,103,45,233,0,0,3,2,5,15,8,12,0,20,25,0,8,0,27,9,1,0,0,5,10,29,25,34,20,26,0,70,78,1,47,4,61,25,11,1
05/23/2020,5,23,328,30,67,31,64,57,54,54,36,18,14,0,176,150,2,124,7,68,33,10,86,0,1,1,1,2,4,9,12,0,16,14,0,9,0,10,11,0,0,3,7,5,9,8,19,7,9,0,28,39,0,27,3,30,4,2,1
08/02/2020,8,2,94,3,15,11,19,29,10,6,12,6,1,0,44,49,1,26,2,27,23,6,10,0,0,0,2,0,0,1,0,0,0,3,0,1,0,1,1,0,0,0,3,6,2,2,1,1,0,0,8,7,0,5,0,7,2,1,0
07/26/2020,7,26,96,6,11,7,23,24,11,17,8,4,2,0,47,49,0,27,3,19,26,3,18,0,0,0,0,1,1,1,3,0,3,3,0,1,0,3,2,0,0,0,1,1,1,4,2,0,2,0,4,7,0,3,0,5,3,0,0
07/04/2020,7,4,62,5,13,8,15,10,13,6,7,2,1,0,32,28,2,12,1,17,12,3,17,0,0,0,0,0,2,1,2,0,1,4,0,4,0,0,0,1,0,2,0,0,1,5,1,2,2,0,8,5,0,1,0,7,1,1,3
06/02/2020,6,2,246,25,38,14,33,44,45,32,34,18,26,0,116,107,23,83,10,50,17,10,76,0,0,1,0,3,3,4,14,0,12,13,0,15,2,5,3,0,0,0,4,3,2,7,8,9,5,0,18,20,0,17,1,11,8,1,0
08/15/2020,8,15,224,5,13,18,64,41,29,35,22,11,2,2,104,116,4,76,7,51,60,6,24,0,0,0,1,0,0,2,2,0,3,2,0,0,0,3,2,0,0,0,2,2,0,3,0,5,1,0,5,8,0,3,0,7,3,0,0
04/11/2020,4,11,398,33,142,7,53,71,65,83,55,38,26,0,184,212,2,103,17,146,53,16,63,0,0,1,1,6,7,10,8,0,15,18,0,8,2,21,2,0,0,2,3,7,16,29,33,32,20,0,58,83,1,37,5,74,16,7,3
03/19/2020,3,19,185,2,39,5,35,47,36,25,18,17,2,0,87,97,1,20,10,80,63,7,5,0,0,0,0,0,0,1,1,0,1,1,0,0,0,1,1,0,0,0,1,2,8,9,6,11,2,0,17,22,0,4,1,25,8,1,0
06/10/2020,6,10,234,11,23,10,57,46,32,36,26,18,9,0,129,100,5,97,3,46,30,7,51,0,0,1,2,2,1,4,1,0,4,7,0,4,1,6,0,0,0,0,0,2,2,6,3,5,5,0,13,10,0,3,1,15,4,0,0
04/24/2020,4,24,1076,53,167,30,180,171,185,190,157,73,90,0,495,533,48,417,29,219,147,60,204,0,1,2,0,6,12,15,17,0,19,34,0,14,2,22,15,0,0,3,4,22,16,34,41,25,22,0,77,89,1,66,4,59,26,11,1
06/04/2020,6,4,322,15,27,27,92,63,54,40,27,10,8,1,160,159,3,145,4,64,22,9,78,0,0,2,1,0,6,4,2,0,6,9,0,6,1,8,0,0,0,0,7,1,5,4,6,3,1,0,16,11,0,9,1,11,4,1,1
05/28/2020,5,28,521,22,52,41,111,89,98,69,62,27,24,0,258,255,8,211,7,114,57,14,118,0,0,0,1,5,1,4,11,0,11,11,0,10,0,7,5,0,0,3,2,4,5,7,12,6,13,0,28,24,0,23,2,17,8,1,1
05/04/2020,5,4,1120,48,123,57,218,223,243,177,109,53,40,0,556,544,20,517,24,174,99,46,260,0,1,0,0,4,10,15,18,0,23,25,0,17,2,20,9,0,0,1,10,8,13,15,25,32,19,0,51,71,1,38,6,49,17,9,4
03/18/2020,3,18,162,1,37,2,31,32,40,23,18,11,5,0,80,82,0,19,8,64,62,3,6,0,0,0,0,0,0,0,1,0,1,0,0,0,0,1,0,0,0,0,0,2,5,7,9,8,6,0,11,26,0,6,3,20,7,0,1
08/09/2020,8,9,115,2,11,16,41,21,12,6,9,6,4,0,53,62,0,41,4,17,36,2,15,0,0,0,0,0,0,2,0,0,0,2,0,1,0,0,1,0,0,0,4,1,0,2,2,0,2,0,8,3,0,1,0,9,0,0,1
08/06/2020,8,6,348,4,16,38,113,73,52,30,22,11,9,0,177,170,1,138,6,79,77,13,35,0,0,0,0,0,2,1,1,0,3,1,0,1,1,1,1,0,0,1,4,1,0,5,1,1,3,0,7,9,0,5,0,5,5,0,1
07/05/2020,7,5,88,3,12,6,28,19,14,11,8,2,0,0,52,35,1,23,0,19,19,7,20,0,0,0,1,1,1,0,0,0,0,3,0,1,0,1,1,0,0,0,2,1,3,2,1,1,2,0,3,9,0,4,1,3,4,0,0
04/20/2020,4,20,990,40,183,24,158,182,211,195,122,56,41,1,478,501,11,402,26,249,116,44,153,0,0,1,1,4,6,10,18,0,15,25,0,11,2,15,11,1,0,1,9,15,31,35,38,25,29,0,76,106,1,64,5,71,29,12,2
08/01/2020,8,1,141,5,16,7,45,27,18,24,11,6,3,0,69,72,0,48,0,32,32,6,23,0,0,0,0,1,0,2,2,0,3,2,0,2,0,2,1,0,0,0,3,2,4,2,0,4,1,0,8,8,0,6,0,8,2,0,0
06/28/2020,6,28,112,5,24,8,36,22,21,10,9,4,2,0,65,47,0,34,1,21,25,6,25,0,0,0,1,0,2,0,2,0,4,1,0,2,0,2,1,0,0,0,4,0,3,4,3,5,5,0,15,9,0,7,0,11,6,0,0
06/17/2020,6,17,221,21,22,18,58,33,32,30,23,14,13,0,109,110,2,98,3,42,31,6,41,0,0,0,1,3,7,5,5,0,11,10,0,9,1,7,4,0,0,1,2,3,2,2,4,5,3,0,13,9,0,6,0,13,2,1,0
08/30/2020,8,30,100,4,18,11,24,16,17,15,8,4,5,0,49,50,1,26,1,22,32,4,15,0,0,0,0,0,0,3,1,0,3,1,0,1,0,3,0,0,0,2,2,1,1,2,4,1,5,0,8,9,1,6,0,8,4,0,0
04/10/2020,4,10,572,32,157,22,79,102,98,108,86,42,35,0,252,309,11,165,26,212,75,26,68,0,0,1,3,3,3,9,13,0,11,21,0,3,2,24,3,0,0,0,9,10,22,19,40,27,30,0,64,92,1,51,4,70,22,10,0
05/30/2020,5,30,240,21,41,22,56,41,43,41,23,9,5,0,133,105,2,97,4,45,21,12,61,0,0,0,2,1,7,5,6,0,11,10,0,11,0,5,4,1,0,1,4,1,6,10,8,5,6,0,16,25,0,13,2,15,7,1,3
07/06/2020,7,6,284,5,20,22,81,66,41,36,21,11,6,0,150,127,7,87,12,66,46,7,66,0,0,0,0,1,2,0,2,0,4,1,0,1,0,2,2,0,0,0,1,3,2,4,3,4,3,0,11,9,0,2,1,12,5,0,0
05/06/2020,5,6,976,43,132,55,190,163,213,169,95,53,38,0,473,469,34,463,13,147,88,39,226,0,0,1,3,5,11,9,14,0,14,29,0,13,5,13,12,0,0,2,1,10,21,23,31,25,19,0,61,71,0,44,1,50,23,14,0
03/22/2020,3,22,169,2,76,6,23,28,31,37,24,14,6,0,75,94,0,22,6,82,50,6,3,0,0,0,1,1,0,0,0,0,0,2,0,0,0,1,0,1,0,1,6,9,13,15,13,14,5,0,37,38,1,12,4,49,7,3,1
08/19/2020,8,19,470,5,16,55,144,84,57,71,39,13,7,0,250,219,1,205,4,79,90,23,69,0,0,0,1,0,2,1,1,0,3,2,0,2,0,1,2,0,0,0,2,1,1,4,2,5,1,0,9,7,0,3,0,9,4,0,0
06/01/2020,6,1,236,21,51,21,51,35,34,35,17,17,26,0,136,99,1,87,8,50,36,12,43,0,0,0,1,2,4,4,10,0,12,9,0,6,1,10,3,0,1,1,3,9,5,9,6,9,9,0,25,26,0,16,0,25,7,1,2
07/19/2020,7,19,101,2,17,15,27,24,10,13,5,6,1,0,53,47,1,27,2,32,21,3,16,0,0,0,1,0,1,0,0,0,1,1,0,1,0,1,0,0,0,3,1,1,4,5,1,1,1,0,10,7,0,2,0,11,3,0,1
04/29/2020,4,29,1154,42,156,54,210,230,219,202,118,62,59,0,534,589,31,514,17,174,115,45,289,0,1,1,4,4,5,8,19,0,20,22,0,16,3,13,10,0,0,0,12,12,22,25,34,20,31,0,78,78,0,59,4,46,33,9,5
06/29/2020,6,29,280,7,25,22,89,56,36,40,17,9,11,0,137,140,3,102,3,60,51,9,55,0,0,0,0,0,2,2,3,0,4,3,0,3,0,2,2,0,0,1,4,2,2,5,6,1,4,0,10,15,0,10,0,10,4,0,1
07/23/2020,7,23,318,2,25,33,102,68,43,35,17,12,8,0,190,127,1,93,13,79,74,14,45,0,0,0,0,0,0,2,0,0,1,1,0,1,0,1,0,0,0,0,3,6,2,5,2,5,2,0,13,12,0,12,1,8,3,1,0
03/27/2020,3,27,405,8,155,4,43,61,86,103,49,37,22,0,211,192,2,68,9,208,69,13,38,0,0,0,1,1,3,3,0,0,3,5,0,2,0,4,2,0,0,2,4,8,27,40,35,21,18,0,77,78,0,18,6,113,12,4,2
04/01/2020,4,1,459,24,183,3,56,69,87,84,90,41,29,0,236,204,19,98,19,221,62,15,44,0,0,1,1,1,7,6,8,0,12,12,0,3,1,19,0,0,1,1,5,13,26,40,42,31,25,0,78,99,6,38,5,101,27,8,4
03/06/2020,3,6,3,0,3,0,0,0,2,0,1,0,0,0,0,3,0,0,0,0,2,1,0,0,0,0,0,0,0,0,0,0,0,0,0,0,0,0,0,0,0,0,0,0,1,1,0,1,0,0,1,2,0,1,0,1,1,0,0
08/12/2020,8,12,434,2,23,51,119,94,72,54,29,9,6,0,224,207,3,176,1,81,90,20,66,0,0,0,0,0,1,0,1,0,1,1,0,1,0,1,0,0,0,0,2,1,3,4,8,3,2,0,10,13,0,10,0,8,3,1,1
03/14/2020,3,14,31,0,11,0,9,2,7,6,3,3,1,0,17,12,2,2,2,10,17,0,0,0,0,0,0,0,0,0,0,0,0,0,0,0,0,0,0,0,0,0,0,0,1,2,2,3,3,0,8,3,0,3,0,5,3,0,0
07/29/2020,7,29,445,3,13,56,131,95,67,50,28,12,6,0,230,208,7,180,7,98,87,19,54,0,0,0,1,0,1,0,1,0,2,1,0,1,0,2,0,0,0,1,3,1,5,1,2,0,0,0,3,10,0,5,0,4,2,2,0
03/16/2020,3,16,78,1,17,1,14,21,18,12,7,4,1,0,37,41,0,8,6,25,30,0,9,0,0,0,0,0,1,0,0,0,1,0,0,0,0,1,0,0,0,0,2,0,7,3,2,2,1,0,4,13,0,2,0,11,4,0,0
06/11/2020,6,11,204,10,23,19,65,27,29,32,19,9,4,0,107,92,5,98,3,31,25,5,42,0,0,0,1,1,2,2,4,0,4,6,0,3,1,4,2,0,0,0,4,4,2,5,3,2,3,0,7,16,0,12,0,8,3,0,0
04/07/2020,4,7,559,25,198,2,84,108,94,84,80,55,52,0,294,258,7,164,16,198,90,27,64,0,0,0,1,5,4,10,5,0,11,14,0,6,0,16,1,2,0,0,6,15,23,34,48,33,39,0,88,106,4,41,9,102,36,10,0
04/27/2020,4,27,1156,35,166,42,234,201,232,205,125,53,64,0,571,554,31,515,24,200,107,61,249,0,0,0,1,3,4,14,13,0,11,24,0,8,1,19,7,0,0,1,9,9,16,38,37,20,36,0,75,89,2,53,4,69,28,11,1
06/05/2020,6,5,338,17,33,33,76,70,51,50,29,18,10,1,171,166,1,176,3,50,28,11,70,0,0,0,0,3,1,9,4,0,10,7,0,5,0,7,5,0,0,0,5,5,5,8,2,7,1,0,17,16,0,13,0,14,3,2,1
08/20/2020,8,20,403,3,14,46,115,77,60,59,32,10,4,0,222,177,4,170,6,70,83,16,58,0,0,0,1,0,2,0,0,0,2,1,0,2,0,0,1,0,0,0,2,3,2,3,3,1,0,0,9,5,0,6,1,2,5,0,0
09/07/2020,9,7,72,1,11,4,19,17,5,10,11,3,3,0,39,33,0,21,0,23,13,3,12,0,0,0,0,0,0,1,0,0,0,1,0,0,0,1,0,0,0,0,1,5,0,0,2,1,2,0,7,4,0,4,0,5,1,0,1
07/30/2020,7,30,341,2,12,49,77,80,49,50,25,7,4,0,175,165,1,155,11,72,56,8,39,0,0,0,0,0,0,1,1,0,1,1,0,2,0,0,0,0,0,1,1,1,1,2,1,4,1,0,6,6,0,4,1,4,3,0,0
04/05/2020,4,5,292,26,146,3,31,50,49,73,42,20,24,0,127,162,3,71,11,109,54,11,36,0,0,0,2,5,2,10,7,0,8,18,0,5,0,18,3,0,0,0,3,11,24,35,25,25,23,0,56,89,1,31,9,80,17,6,3
06/27/2020,6,27,130,5,13,11,41,21,24,13,10,7,3,0,64,65,1,44,2,33,21,6,24,0,0,0,0,0,1,2,2,0,4,1,0,1,0,3,1,0,0,1,3,0,1,1,4,0,3,0,9,4,0,6,0,6,1,0,0
03/21/2020,3,21,125,2,66,0,18,25,20,28,16,13,5,0,53,72,0,25,6,61,26,3,4,0,0,0,0,0,1,0,1,0,0,2,0,0,0,2,0,0,0,0,4,6,8,19,11,14,4,0,23,43,0,13,4,34,12,2,1
04/14/2020,4,14,663,33,172,16,103,120,120,124,78,51,51,0,352,310,1,230,24,194,94,36,85,0,1,2,1,3,5,9,12,0,11,22,0,8,2,13,10,0,0,3,7,13,21,38,31,30,29,0,73,98,1,59,4,71,27,9,2
05/16/2020,5,16,516,28,76,35,107,87,93,77,60,35,22,0,279,231,6,203,11,98,51,16,137,0,0,1,3,0,6,4,14,0,8,20,0,9,1,12,6,0,0,2,9,4,11,13,11,15,11,0,37,39,0,27,4,29,10,1,5
03/24/2020,3,24,350,2,122,1,59,67,58,56,61,34,14,0,158,191,1,63,13,156,84,9,25,0,0,0,0,0,2,0,0,0,0,2,0,1,0,1,0,0,0,1,3,11,15,29,27,22,14,0,49,73,0,22,0,74,19,5,2
03/13/2020,3,13,32,0,12,0,4,13,5,5,5,0,0,0,8,24,0,4,3,4,18,0,3,0,0,0,0,0,0,0,0,0,0,0,0,0,0,0,0,0,0,0,0,2,1,2,5,2,0,0,6,6,0,2,0,5,5,0,0
06/15/2020,6,15,235,20,27,36,57,42,34,30,25,9,2,0,131,102,2,101,5,49,20,9,51,0,0,0,1,1,2,5,11,0,9,11,0,5,2,4,8,0,1,4,3,3,1,5,8,0,3,0,17,10,0,11,1,10,5,0,0
04/28/2020,4,28,1322,56,174,68,246,232,253,247,156,68,52,0,618,675,29,573,16,241,105,83,304,0,0,0,3,5,9,10,29,0,23,33,0,13,5,26,12,0,0,2,10,18,21,40,28,29,26,0,73,101,0,63,6,61,29,15,0
08/07/2020,8,7,416,2,20,65,108,82,55,48,35,13,10,0,200,215,1,182,9,68,86,18,53,0,0,0,0,0,1,0,1,0,1,1,0,1,0,1,0,0,0,0,2,3,0,5,4,2,4,0,11,9,0,8,0,9,2,0,1
05/09/2020,5,9,521,52,83,34,104,100,98,90,54,28,13,0,264,253,4,243,9,91,37,17,124,0,1,0,4,6,6,11,24,0,23,29,0,26,3,14,8,1,0,1,7,8,11,16,17,14,9,0,43,39,1,35,1,27,13,5,2
07/14/2020,7,14,322,3,19,46,82,69,48,38,23,15,1,0,184,136,2,137,3,71,61,9,41,0,0,0,0,1,0,1,1,0,3,0,0,2,0,0,0,0,1,0,2,2,2,3,6,4,0,0,12,7,0,8,0,8,2,1,0
04/08/2020,4,8,704,36,174,11,86,100,107,154,129,69,48,0,319,346,39,170,21,298,103,33,79,0,0,0,1,7,8,9,11,0,13,23,0,3,2,22,9,0,0,1,1,14,16,37,41,38,26,0,64,109,1,38,5,89,30,12,0
07/22/2020,7,22,371,4,20,41,125,82,57,29,22,14,1,0,191,174,6,136,9,78,97,10,41,0,0,0,0,1,0,1,2,0,1,3,0,1,0,1,2,0,0,1,3,2,5,0,3,5,1,0,13,7,0,6,1,12,1,0,0
05/07/2020,5,7,938,49,135,58,179,194,171,147,116,40,33,0,480,446,12,434,10,123,90,47,234,0,0,2,2,8,14,10,13,0,20,29,0,16,3,19,8,1,2,2,4,17,19,19,33,24,17,0,53,82,0,59,3,41,22,8,2
06/25/2020,6,25,247,11,16,21,68,65,37,21,20,11,4,0,123,124,0,85,3,56,42,10,51,0,0,1,3,0,2,2,3,0,6,5,0,7,0,3,1,0,0,0,2,1,2,3,3,4,1,0,7,9,0,6,0,9,1,0,0
06/16/2020,6,16,212,11,20,18,60,37,32,32,21,3,9,0,118,92,2,75,5,52,21,5,54,0,1,0,2,3,1,2,2,0,5,6,0,9,0,1,1,0,0,1,3,1,3,3,4,2,3,0,12,8,0,6,1,10,3,0,0
08/25/2020,8,25,395,4,21,49,113,73,65,49,26,10,9,1,213,178,4,175,7,59,75,16,63,0,0,0,0,0,0,0,4,0,1,3,0,0,1,2,1,0,0,0,3,2,1,7,3,3,2,0,11,10,0,7,0,10,4,0,0
07/18/2020,7,18,134,4,12,13,38,25,21,20,9,5,3,0,62,72,0,41,1,42,20,5,25,0,0,0,0,1,1,1,1,0,2,2,0,2,0,0,2,0,0,0,1,1,1,1,2,4,2,0,7,5,0,1,0,8,2,1,0
05/05/2020,5,5,1090,57,154,54,206,206,218,206,125,48,27,0,550,500,40,487,16,160,96,48,283,0,1,1,1,0,10,17,27,0,26,31,0,17,5,21,13,0,1,2,12,13,18,36,34,22,17,0,74,79,1,54,7,56,24,12,1
05/02/2020,5,2,717,50,162,25,142,126,154,141,74,40,15,0,342,371,4,352,9,108,54,21,173,0,0,1,1,8,14,11,15,0,21,29,0,11,3,24,11,1,0,2,9,8,27,33,31,33,19,0,66,96,0,59,4,61,25,10,3
05/22/2020,5,22,725,35,70,64,155,135,125,112,74,35,25,0,369,346,10,349,10,145,61,25,135,0,0,0,1,6,9,8,11,0,16,19,0,11,2,14,8,0,0,0,7,10,6,8,13,14,12,0,26,43,1,31,3,28,5,0,3
06/07/2020,6,7,110,20,27,3,30,29,16,13,8,7,4,0,52,58,0,43,3,22,9,4,29,0,0,1,2,1,8,1,7,0,7,13,0,10,0,8,2,0,0,0,5,5,5,4,4,4,0,0,16,11,0,13,2,9,1,1,1
05/15/2020,5,15,974,49,80,80,186,201,167,136,104,64,36,0,539,425,10,447,11,157,84,37,238,0,0,2,1,7,14,12,13,0,16,33,0,19,0,12,16,2,0,0,12,7,14,8,15,11,13,0,47,33,0,26,1,34,15,1,3
06/06/2020,6,6,170,20,31,18,33,22,36,28,20,9,4,0,88,81,1,81,1,25,22,6,35,0,0,1,1,0,7,7,4,0,7,13,0,8,1,9,2,0,0,0,5,4,2,5,9,2,4,0,10,21,0,13,0,11,6,0,1
03/12/2020,3,12,21,0,8,0,6,5,2,4,3,1,0,0,6,15,0,2,0,2,15,0,2,0,0,0,0,0,0,0,0,0,0,0,0,0,0,0,0,0,0,0,0,1,0,1,4,2,0,0,4,4,0,0,1,4,3,0,0
06/03/2020,6,3,282,21,42,24,61,48,41,44,32,18,14,0,154,127,1,109,3,67,26,19,58,0,2,0,0,0,1,9,9,0,10,11,0,9,0,8,4,0,0,1,6,4,2,3,14,7,5,0,19,23,0,12,0,23,6,0,1
03/15/2020,3,15,40,0,24,0,3,8,9,8,5,4,3,0,13,27,0,6,4,12,16,0,2,0,0,0,0,0,0,0,0,0,0,0,0,0,0,0,0,0,0,0,1,2,6,4,5,4,2,0,9,15,0,4,2,14,4,0,0
05/29/2020,5,29,462,20,40,33,117,70,85,75,42,18,22,0,249,208,5,219,9,99,33,16,86,0,0,0,1,3,5,6,5,0,11,9,0,7,0,10,2,1,0,3,1,2,5,10,7,6,6,0,24,16,0,7,1,23,7,2,0
04/25/2020,4,25,634,38,115,32,121,120,132,106,67,32,24,0,307,324,3,264,14,106,77,23,150,0,0,2,1,6,6,11,12,0,14,24,0,12,2,19,5,0,0,0,5,11,12,25,28,19,15,0,50,65,0,43,3,39,18,12,0
08/27/2020,8,27,371,2,17,39,124,75,58,32,24,10,9,0,199,170,2,176,5,54,76,19,41,0,0,0,0,0,2,0,0,0,0,2,0,0,0,1,1,0,0,0,2,3,2,2,2,3,3,0,12,5,0,8,0,4,4,1,0
03/29/2020,3,29,282,20,130,4,29,48,54,50,50,30,17,0,128,154,0,54,11,145,39,10,23,0,1,0,1,4,4,6,4,0,3,17,0,2,2,14,2,0,0,0,5,12,25,23,27,24,14,0,57,73,0,21,3,92,11,2,1
06/22/2020,6,22,220,9,26,23,60,35,37,27,20,15,3,0,114,105,1,100,3,44,27,5,41,0,1,0,0,2,3,1,2,0,5,4,0,7,0,1,1,0,0,1,4,2,3,5,4,4,3,0,11,15,0,13,0,10,3,0,0
08/31/2020,8,31,405,2,25,58,118,67,59,50,29,14,10,0,213,190,2,180,4,60,72,15,74,0,0,0,0,1,0,0,1,0,0,2,0,0,1,1,0,0,0,2,5,0,4,3,3,2,6,0,13,11,1,5,1,14,3,2,0
07/27/2020,7,27,365,1,15,51,102,68,50,40,30,14,10,0,193,168,4,173,12,80,52,10,38,0,0,0,0,0,0,1,0,0,1,0,0,1,0,0,0,0,0,0,2,3,1,4,0,2,3,0,7,8,0,4,2,6,2,0,1
07/31/2020,7,31,393,2,14,47,113,81,64,42,31,8,7,0,208,182,3,187,5,76,73,12,40,0,0,0,0,1,0,0,1,0,1,1,0,1,0,1,0,0,0,0,2,3,1,1,5,1,1,0,8,6,0,5,1,5,3,0,0
03/30/2020,3,30,440,12,160,6,54,79,81,82,59,43,36,0,217,223,0,85,12,210,78,17,38,0,0,1,1,2,2,5,1,0,4,8,0,3,1,6,2,0,0,0,9,10,16,33,34,34,24,0,69,91,0,26,2,103,19,9,1
08/17/2020,8,17,500,3,17,69,148,84,73,63,30,23,10,0,238,256,6,263,10,78,89,15,45,0,0,0,0,1,0,1,1,0,1,2,0,0,0,2,1,0,0,0,0,2,3,5,2,4,1,0,7,10,0,5,0,9,3,0,0
08/24/2020,8,24,526,3,20,87,125,105,92,64,30,17,6,0,273,246,7,289,8,59,90,17,63,0,0,0,0,0,0,2,1,0,0,3,0,1,0,1,1,0,0,3,2,3,1,3,4,1,3,0,7,13,0,5,1,7,5,2,0
04/15/2020,4,15,631,31,147,21,93,108,110,124,86,47,42,0,304,325,2,231,21,179,64,44,92,0,1,1,3,2,5,5,14,0,8,23,0,9,3,15,4,0,0,1,6,13,17,32,35,30,13,0,66,81,0,48,1,68,22,6,2
04/23/2020,4,23,1467,36,165,32,194,205,223,240,244,161,167,1,734,644,89,474,20,365,178,68,362,0,1,1,4,3,9,8,10,0,9,27,0,13,2,14,7,0,0,1,6,13,22,27,39,30,27,0,76,87,2,60,6,58,28,11,2
05/11/2020,5,11,1014,38,114,62,205,198,193,142,114,69,31,0,511,489,14,525,14,158,83,29,205,0,0,1,3,6,3,6,19,0,14,24,0,16,0,15,7,0,0,4,7,11,14,20,24,24,10,0,42,70,2,45,3,36,21,7,2
07/24/2020,7,24,344,3,19,37,102,76,47,39,21,11,11,0,194,148,2,127,12,74,64,11,56,0,0,1,0,1,1,0,0,0,0,3,0,3,0,0,0,0,0,0,4,0,5,2,3,2,3,0,9,10,0,7,1,8,3,0,0
07/08/2020,7,8,310,4,21,37,100,70,39,32,19,11,2,0,160,149,1,90,8,71,54,12,75,0,0,0,0,0,2,1,1,0,3,1,0,2,0,1,1,0,0,1,5,2,1,2,3,4,3,0,10,11,0,7,1,7,4,0,2
08/10/2020,8,10,378,2,18,41,108,69,64,49,24,18,5,0,186,191,1,183,8,59,68,13,47,0,0,0,0,0,0,1,1,0,1,1,0,1,0,0,1,0,0,3,1,1,2,2,3,3,3,0,9,9,0,2,2,6,7,1,0
06/09/2020,6,9,255,23,25,19,49,34,46,45,38,14,10,0,115,136,4,110,3,37,36,13,56,0,0,0,2,6,5,4,6,0,7,16,0,11,0,10,2,0,0,0,0,0,6,5,3,4,7,0,9,16,0,5,0,14,5,1,0
08/21/2020,8,21,415,5,11,58,133,82,45,54,29,11,3,0,230,181,4,217,15,55,67,16,45,0,0,0,1,1,1,1,1,0,3,2,0,4,0,0,1,0,0,0,0,1,3,3,1,2,1,0,6,5,0,6,0,3,2,0,0
04/04/2020,4,4,326,22,159,2,34,38,61,70,63,33,25,0,152,174,0,69,14,144,43,18,38,0,0,0,3,4,4,4,7,0,13,9,0,3,0,14,4,1,0,0,3,11,22,33,45,24,21,0,77,81,1,39,10,78,21,8,3
05/31/2020,5,31,121,22,29,16,28,20,22,12,13,5,5,0,59,61,1,45,1,40,7,0,28,0,0,0,3,2,5,6,6,0,8,14,0,8,0,8,6,0,0,3,3,2,2,4,11,2,2,0,11,18,0,7,1,19,0,0,2
06/12/2020,6,12,247,21,19,32,60,42,46,27,21,8,11,0,140,103,4,128,2,40,22,6,49,0,0,1,0,3,7,7,3,0,9,12,0,11,0,7,3,0,0,1,1,0,2,3,6,5,1,0,9,10,0,9,0,7,2,0,1
09/05/2020,9,5,199,4,18,24,58,38,34,21,17,6,1,0,93,106,0,81,1,23,38,5,51,0,0,1,0,1,0,1,1,0,1,3,0,2,0,2,0,0,0,0,1,2,3,3,4,2,3,0,11,7,0,6,0,6,6,0,0
09/08/2020,9,8,366,1,16,36,120,78,56,39,23,9,5,0,178,188,0,171,7,39,76,8,65,0,0,0,0,0,1,0,0,0,0,1,0,0,0,0,1,0,0,1,1,0,2,2,3,4,3,0,5,11,0,8,0,5,3,0,0
08/18/2020,8,18,392,1,11,50,121,74,56,45,22,20,4,0,203,187,2,184,6,59,74,9,60,0,0,0,0,0,0,0,1,0,0,1,0,0,0,1,0,0,0,0,2,3,1,0,1,2,2,0,7,4,0,3,0,5,3,0,0
09/06/2020,9,6,137,2,7,16,41,28,17,18,10,3,4,0,70,66,1,53,0,26,34,3,21,0,0,1,0,0,0,1,0,0,0,2,0,2,0,0,0,0,0,0,0,1,1,0,2,2,1,0,4,3,0,4,0,3,0,0,0
04/09/2020,4,9,578,25,157,9,83,103,104,130,74,40,35,0,258,311,9,173,24,208,82,28,63,0,0,0,0,3,7,5,10,0,13,12,0,5,1,14,5,0,0,2,5,12,17,35,32,30,24,0,66,85,6,29,6,86,29,6,1
09/11/2020,9,11,338,5,17,52,93,81,39,37,19,15,2,0,168,169,1,146,3,39,74,15,61,0,0,1,0,2,0,1,1,0,0,5,0,4,0,1,0,0,0,0,2,2,1,4,4,2,2,0,7,10,0,11,1,3,2,0,0
04/02/2020,4,2,438,15,170,2,59,69,85,92,58,40,33,0,209,224,5,87,12,225,58,18,38,0,0,0,1,2,1,7,4,0,5,10,0,2,2,9,2,0,0,1,8,15,28,32,35,30,21,0,70,99,1,39,3,97,20,10,1
07/13/2020,7,13,335,3,25,36,99,68,45,35,31,7,14,0,190,143,2,124,7,90,59,8,47,0,1,0,0,0,1,0,1,0,1,2,0,1,0,1,1,0,0,2,2,5,2,5,4,3,2,0,14,11,0,8,2,10,4,1,0
06/14/2020,6,14,92,12,21,6,23,18,19,14,6,2,4,0,44,48,0,29,1,24,5,5,28,0,0,0,1,1,3,2,5,0,6,6,0,5,0,3,4,0,0,2,3,1,5,3,4,2,1,0,7,14,0,11,1,7,1,0,1
04/03/2020,4,3,468,24,163,2,72,64,77,94,79,49,31,0,256,211,1,112,25,183,79,16,53,0,0,1,2,2,4,6,9,0,12,12,0,3,0,19,2,0,0,2,7,11,23,26,40,33,21,0,76,86,1,37,4,91,21,6,4
03/25/2020,3,25,367,5,124,2,51,71,72,82,33,36,20,0,169,197,1,49,10,183,85,17,23,0,0,1,0,1,1,0,2,0,3,2,0,1,0,3,1,0,0,0,6,16,16,25,16,28,17,0,54,70,0,13,2,92,14,3,0
03/28/2020,3,28,252,4,133,2,28,54,38,45,38,28,19,0,138,113,1,37,5,134,43,11,22,0,0,0,0,2,0,1,1,0,1,3,0,1,0,2,1,0,0,1,5,11,17,33,21,23,22,0,71,62,0,22,3,85,16,6,1
05/25/2020,5,25,252,23,60,7,34,35,41,43,49,26,17,0,123,126,3,76,6,67,40,3,60,0,0,1,0,4,4,7,7,0,11,12,0,5,0,10,7,1,0,2,7,3,5,6,12,10,15,0,30,30,0,18,2,31,5,1,3
05/26/2020,5,26,753,23,54,61,161,129,138,126,76,40,22,0,394,352,7,355,15,113,59,35,176,0,0,0,0,2,8,9,4,0,8,15,0,7,1,12,3,0,0,2,4,6,5,17,10,5,5,0,29,25,0,19,0,24,8,2,1
05/08/2020,5,8,924,44,92,52,169,191,196,153,85,44,34,0,441,464,19,434,16,138,77,43,216,0,0,0,1,4,13,12,14,0,21,23,0,15,0,15,14,0,0,0,7,8,9,19,15,13,21,0,43,49,0,35,2,35,12,6,2
03/31/2020,3,31,488,16,160,5,57,103,96,92,69,39,27,0,257,224,7,106,16,216,81,16,53,0,0,0,4,1,0,5,6,0,6,10,0,2,0,14,0,0,0,2,6,16,25,33,31,27,20,0,68,87,5,28,3,98,17,10,4
04/16/2020,4,16,680,30,154,8,119,114,119,122,95,62,41,0,320,352,8,232,15,202,93,28,110,0,0,0,2,3,6,8,11,0,14,16,0,5,3,16,6,0,0,0,6,10,15,33,33,33,24,0,55,97,2,44,2,72,23,11,2
07/17/2020,7,17,325,3,19,37,102,64,48,35,21,13,5,0,168,154,3,129,6,75,55,14,46,0,0,0,0,2,0,0,1,0,1,2,0,2,0,1,0,0,0,0,5,2,5,1,2,2,2,0,10,9,0,3,0,11,4,0,1
04/19/2020,4,19,461,35,159,7,67,61,66,75,75,50,60,0,209,250,2,142,20,172,55,23,49,0,0,0,3,7,8,5,12,0,11,24,0,13,3,13,4,2,0,1,13,8,16,36,30,30,25,0,71,87,1,57,7,61,22,9,3
03/20/2020,3,20,155,0,52,2,23,22,32,30,27,15,4,0,72,83,0,20,6,78,38,2,11,0,0,0,0,0,0,0,0,0,0,0,0,0,0,0,0,0,0,0,4,2,6,12,15,11,2,0,19,33,0,8,1,36,6,1,0
05/10/2020,5,10,307,39,94,17,60,52,64,42,41,14,17,0,138,168,1,121,7,64,38,14,63,0,0,1,3,2,11,8,14,0,15,24,0,15,1,15,7,1,0,2,9,8,16,9,28,13,9,0,39,54,1,40,3,32,13,6,0
09/12/2020,9,12,135,0,9,12,31,32,24,19,11,5,1,0,69,64,2,34,7,21,31,5,37,0,0,0,0,0,0,0,0,0,0,0,0,0,0,0,0,0,0,0,1,1,3,3,1,0,0,0,5,4,0,5,1,3,0,0,0
03/26/2020,3,26,414,2,136,2,65,74,79,96,53,36,9,0,182,230,2,77,12,197,92,13,23,0,0,0,0,0,0,1,1,0,0,2,0,0,1,1,0,0,0,0,7,11,24,25,29,28,12,0,58,78,0,27,1,82,21,4,1